"","ConditionA_rep3","ConditionB_rep3","ConditionC_rep3","ConditionD_rep3","ConditionA_rep2","ConditionB_rep2","ConditionC_rep2","ConditionD_rep2","ConditionA_rep1","ConditionB_rep1","ConditionC_rep1","ConditionD_rep1"
"Glycosaminoglycan biosynthesis - chondroitin sulfate / dermatan sulfate_Homo sapiens_hsa00532",0.346893925973802,-0.125407157623803,0.307360969562884,-0.389812841206112,0.266465268121192,-0.282792827270822,-0.141284340258683,0.125685187213585,0.487773456641699,0.439549360051986,-0.0493901921483219,-0.704013906447665
"Glycosaminoglycan biosynthesis - heparan sulfate / heparin_Homo sapiens_hsa00534",-0.192473783147222,-0.242078986872657,0.529444506886897,0.213074957285681,-0.538863143282625,0.100669969532596,0.0670688781337498,-0.0253134157486321,0.0813156797705122,0.125698663219455,-0.154737885504122,-0.229886886254775
"Glycosylphosphatidylinositol(GPI)-anchor biosynthesis_Homo sapiens_hsa00563",-0.20636611883824,0.380034954773053,0.465255591380056,-0.607996179741977,-0.243127528812089,0.32854657740384,0.357440794488044,-0.5770221999205,0.250327219053048,0.272511656393249,0.316401900236379,-0.595151887535723
"Steroid biosynthesis_Homo sapiens_hsa00100",-0.0424504857910694,-0.139225090706636,0.59027101182223,-0.493849063442592,0.0188779029644677,0.284249534604833,0.198173844129105,-0.519800074086676,-0.0784918985815443,0.0887536355923203,0.56135019667589,-0.63926677187031
"SNARE interactions in vesicular transport_Homo sapiens_hsa04130",-0.0386215172603888,-0.0916011534679262,0.286183080973271,-0.148867071081,-0.0706424484608744,-0.0185597942054746,0.160214192541036,-0.144109556751574,0.0103552739368502,0.200547042333879,0.134945799842252,-0.406683078631765
"Protein export_Homo sapiens_hsa03060",0.14660861114085,-0.286355231276188,0.554152171780605,-0.34820785520556,-0.272558514263466,-0.303167879318626,0.528689875251859,-0.0480175162858971,0.283519854280334,-0.427238503031373,0.486194339758646,-0.330501653142327
"Protein processing in endoplasmic reticulum_Homo sapiens_hsa04141",0.254455338862162,-0.235059749945921,0.352198007938881,-0.38217734728241,0.273220768535512,-0.114462211573555,0.155593327419101,-0.285285962941677,0.272028891112457,-0.222225654078814,0.324942950509431,-0.39643638384443
"N-Glycan biosynthesis_Homo sapiens_hsa00510",0.320525857482774,0.338530063356345,-0.0590620172588272,-0.580239512204513,0.0718059622008408,0.386522024847981,0.289568969590856,-0.559290521162501,-0.0533974995268496,0.451782098472128,0.127907106008958,-0.422565109304589
"Other types of O-glycan biosynthesis_Homo sapiens_hsa00514",0.344381871567411,-0.121129903190371,0.221287180877558,-0.586319579044941,0.303998779205096,0.28841675379893,0.213409457987004,-0.517295861126661,0.206993109341756,-0.0554639119834973,0.17944164486585,-0.365522757964817
"Glycosaminoglycan biosynthesis - keratan sulfate_Homo sapiens_hsa00533",-0.298064579485515,0.541377132027808,-0.631263661177032,-0.164087176247703,0.479593102444311,-0.0539340912749821,0.738407456364068,-0.762634238787268,-0.24819850320581,0.620972836386564,0.138308218400442,-0.666140240050679
"Glycosphingolipid biosynthesis - lacto and neolacto series_Homo sapiens_hsa00601",0.768097400998459,0.000291036088442664,0.254126250228886,-0.669666824569817,0.502289594189152,-0.677698486299533,0.74741421110187,-0.582536780408742,0.698518599715063,0.0975840833727632,0.515141313029267,-0.743091741670723
"Glycosphingolipid biosynthesis - globo series_Homo sapiens_hsa00603",-0.17851500789887,-0.358261903871643,0.425284394511825,0.114218009478681,-0.156872037914696,-0.38649110300777,0.71816745655609,-0.658620732450018,-0.431743132026591,-0.539430164184541,0.756995468112983,-0.245894884228975
"Glycosphingolipid biosynthesis - ganglio series_Homo sapiens_hsa00604",-0.166666666666656,-0.194483359310262,0.587136456633789,-0.742805860502664,-0.275997513823272,-0.0983885924841981,0.740284360189582,-0.737428814873691,0.18141541045998,-0.288284120185307,0.57294795581322,-0.521258076981917
"Mucin type O-Glycan biosynthesis_Homo sapiens_hsa00512",-0.32269261710592,0.357297518226285,-0.048875375355095,-0.20012504338974,0.0664036886046227,0.109576781597958,0.12388860258086,-0.0452212363871233,-0.287336602273201,0.447766284285675,-0.126190193343953,-0.460174574858195
"Sphingolipid metabolism_Homo sapiens_hsa00600",-0.0486173709179774,-0.0386807438631675,0.468346593708009,-0.538278076293017,-0.171104196103602,0.0444997648881084,0.246758535404135,-0.431932163597733,0.0854382169620122,0.0413142883452657,0.35528047527047,-0.265304624519692
"Other glycan degradation_Homo sapiens_hsa00511",0.194068887575627,-0.734740457496268,0.707678303422104,-0.374341614239287,0.375385280238762,-0.418076406102316,0.597613160978314,-0.554968567114979,0.148363293417817,-0.537999910005454,0.689433317746801,-0.39816102783135
"Glycosaminoglycan degradation_Homo sapiens_hsa00531",0.194364654420359,-0.386305348724599,0.525529313055575,-0.354042006132758,0.175774020767997,-0.679763380584441,0.444541049086978,0.10446755103972,0.496444726442851,-0.20559820894205,0.193466906413214,-0.44128082232924
"Lysosome_Homo sapiens_hsa04142",-0.0919868710727713,-0.347936476175576,0.575185088591916,-0.26563046997232,-0.11919392584404,-0.327146059139026,0.482429558524156,-0.192265722083193,-0.112428559373706,-0.353129065115229,0.559153440510579,-0.32610187331268
"Synaptic vesicle cycle_Homo sapiens_hsa04721",-0.449101392395656,-0.251051100779054,0.607901508482782,0.127835299607147,-0.484201460934289,-0.227606824272546,0.577660098969788,0.0649691204078692,-0.525584269760722,-0.424502553559081,0.667026912556351,0.128370978447061
"Collecting duct acid secretion_Homo sapiens_hsa04966",-0.574912620926723,-0.367597713162442,0.499337659750029,0.514703769530053,-0.478830592886128,-0.425719972048677,0.608770398111321,0.347031755504599,-0.497471772536092,-0.379370234139993,0.612853453262756,0.00373396413823296
"Vibrio cholerae infection_Homo sapiens_hsa05110",-0.225420245501555,-0.344412013398804,0.587568023410058,0.0549907342586028,-0.394420316367915,-0.297681316346192,0.559491340302087,0.0212976545003858,-0.112771296538423,-0.414745944593921,0.615754855394993,-0.166058237797511
"Epithelial cell signaling in Helicobacter pylori infection_Homo sapiens_hsa05120",-0.188986455127211,-0.333317234489381,0.532096768988522,-0.102841390312544,0.0813636542056716,-0.30564501478115,0.53341272932029,-0.354096140685424,-0.112397070776374,-0.371616707953277,0.59144212471081,-0.338943786257703
"Rheumatoid arthritis_Homo sapiens_hsa05323",-0.183821443003302,-0.471027331703723,0.636115000338015,-0.240232985106588,-0.08976107349679,-0.267356646517139,0.574826615646416,-0.242872808414946,-0.143844264081943,-0.44099751918122,0.643384047086696,-0.286501447965713
"Phagosome_Homo sapiens_hsa04145",-0.189928629129429,-0.253359925092459,0.519280932293844,-0.243519030044111,-0.107860005017688,-0.229346066167965,0.467483358855983,-0.224676618539515,-0.216671721828828,-0.304393266180462,0.607522679638946,-0.261309824518049
"Tuberculosis_Homo sapiens_hsa05152",0.0530450684435209,-0.33367156480522,0.520103200968128,-0.277618918506822,0.142553391461732,-0.192385143767218,0.467380216089724,-0.381195421589473,-0.210990690214352,-0.271639297596342,0.540276965298569,-0.271447088183892
"Toxoplasmosis_Homo sapiens_hsa05145",0.0282140187612193,-0.041239107564584,0.285715149034434,-0.323289202196605,0.0210786020264366,0.0208475349619971,0.399967894601527,-0.3397633742862,-0.0314592728244191,-0.0374590631089644,0.337647361321444,-0.378754987274177
"Leishmaniasis_Homo sapiens_hsa05140",0.0425594482466338,-0.357685074601129,0.537577482964136,-0.2998246426009,0.228585013810126,-0.245452020238202,0.487940020836719,-0.316837747298819,-0.283279252565874,-0.369684655254462,0.539253659145774,-0.151293932351033
"Inflammatory bowel disease (IBD)_Homo sapiens_hsa05321",0.22782661030672,-0.169941508398041,0.536600033388682,-0.5894782513324,0.0730185679941546,0.339081445373193,0.486700820809365,-0.623745514811684,-0.0359721209614535,-0.0665357516693228,0.396638736458624,-0.453180049190707
"Asthma_Homo sapiens_hsa05310",0.217599108158764,-0.537124583278251,0.656989656143913,-0.548200074583014,0.315191733686634,-0.424068813093326,0.653834354413328,-0.51211726475677,-0.0410307766372022,-0.587648653248182,0.665446339600393,-0.477674507560158
"Intestinal immune network for IgA production_Homo sapiens_hsa04672",0.0102384659113222,-0.465907398852415,0.653304573776585,-0.357600474135115,-0.187223276407338,0.0890259329538381,0.524677448620345,-0.391827818400702,-0.372438279734839,-0.303432044898062,0.63181185425144,-0.402200372106596
"Viral myocarditis_Homo sapiens_hsa05416",0.361524583383213,-0.307981925299104,0.532877666243915,-0.510384434956077,0.0210052638563975,-0.264969747217327,0.559484947500501,-0.288717078768051,-0.00670990838700969,-0.252091416729608,0.528044262486648,-0.491012019363029
"Autoimmune thyroid disease_Homo sapiens_hsa05320",0.343025372801415,-0.419691626226883,0.599128686488287,-0.597775662049271,0.28418321560561,-0.0123378677633505,0.608018799405096,-0.535470375079368,0.0930019293569062,-0.410583474144682,0.702485464462217,-0.63343578691595
"Allograft rejection_Homo sapiens_hsa05330",0.343025372801415,-0.419691626226883,0.599128686488287,-0.597775662049271,0.28418321560561,-0.0123378677633505,0.608018799405096,-0.535470375079368,0.0930019293569062,-0.410583474144682,0.702485464462217,-0.63343578691595
"Type I diabetes mellitus_Homo sapiens_hsa04940",0.0821971829978952,-0.190927107616061,0.436464371648575,-0.408740156472894,0.0252920277529677,0.206241687098817,0.425921808307476,-0.37678419867615,-0.154454551938837,-0.0315818001879637,0.569554966195878,-0.575312193096465
"Graft-versus-host disease_Homo sapiens_hsa05332",0.343025372801415,-0.419691626226883,0.599128686488287,-0.597775662049271,0.28418321560561,-0.0123378677633505,0.608018799405096,-0.535470375079368,0.0930019293569062,-0.410583474144682,0.702485464462217,-0.63343578691595
"Antigen processing and presentation_Homo sapiens_hsa04612",0.454330053906642,-0.377150857027535,0.412397990269154,-0.407201752507556,0.377173284203958,-0.286047924631401,0.387447139844147,-0.441152237235297,0.234370102995302,-0.200184581994718,0.483489667383515,-0.470056783587578
"Cell adhesion molecules (CAMs)_Homo sapiens_hsa04514",0.168394943545075,-0.0544638476042842,0.362336692488343,-0.320509165911415,0.362908600388438,-0.00024000214661081,0.225584387802137,-0.320476572674127,0.136243078827987,0.0307156617069999,0.382324281394035,-0.462346998444744
"Staphylococcus aureus infection_Homo sapiens_hsa05150",0.0531418898908141,-0.57515942193528,0.670779260227243,-0.459716335844318,0.241120693893886,-0.349956084676996,0.65966312742759,-0.336657560026355,-0.351662669703566,-0.350611601274573,0.588238997483876,-0.213825909452656
"Complement and coagulation cascades_Homo sapiens_hsa04610",-0.00830505699980474,-0.230709226379492,0.48370038197193,-0.36437640974295,0.128263457161237,-0.235748378474854,0.376392187912379,-0.343061919954392,0.186648883804163,-0.200647702697732,0.339386623669439,-0.266685331708094
"Pertussis_Homo sapiens_hsa05133",0.123090758674417,-0.417383286789594,0.562877816920085,-0.374031326741868,0.233637005680673,-0.29339993558797,0.486993858435128,-0.291878211919943,-0.159692066458147,-0.12326298023365,0.457294316057292,-0.330799970091097
"Legionellosis_Homo sapiens_hsa05134",-0.146179424690686,-0.123415544484997,0.355685891211105,-0.267113231696777,-0.2596372537597,0.00584619783813234,0.326742202322309,-0.122596101870584,-0.124031954049461,0.0506364888093372,0.395271976957251,-0.274364658147221
"Malaria_Homo sapiens_hsa05144",0.0782243780636132,-0.129763114218594,0.115920240544369,-0.241379479012539,-0.280589306983777,0.440146257335191,-0.165681953118569,-0.0876002622918625,0.0313784225915866,0.208272041094923,0.266522741619522,-0.372237247005712
"African trypanosomiasis_Homo sapiens_hsa05143",-0.0495037897653509,-0.125965047785276,0.372612790779461,-0.180569664174511,0.167490249935556,0.270082071993984,0.161813279433663,-0.408340052307001,0.1594194596657,-0.0601594767181154,0.517882448289657,-0.381717197624883
"Regulation of autophagy_Homo sapiens_hsa04140",-0.653608096105716,0.594876671298587,-0.0367088607594986,0.0591132197842913,-0.390945675240623,0.247441485272871,0.201639701424404,-0.143562545934764,-0.551861553090938,0.446270318022015,-0.171909692690913,0.27401879598476
"Jak-STAT signaling pathway_Homo sapiens_hsa04630",0.197815026089471,-0.0318799266926096,0.312598057799108,-0.450621824272237,0.0520082819804564,0.107280328778367,0.189279795796294,-0.285890546244701,0.255019079246054,-0.185432385112025,0.177744634938302,-0.362375919303869
"Cytokine-cytokine receptor interaction_Homo sapiens_hsa04060",-0.0550891692961597,0.196065467383119,0.239548092889283,-0.396317996114064,-0.135703377769951,0.315076986260434,0.198632437388413,-0.336875259552276,0.124432558286879,0.0980355998270325,0.081717720167771,-0.302233400003458
"Hematopoietic cell lineage_Homo sapiens_hsa04640",-0.11997355492885,0.207217707224615,0.239524585287823,-0.273510287754121,0.191964179016711,0.14884182824548,0.224414475003634,-0.346603500982515,-0.259101820099167,0.113050331949432,0.373719619619378,-0.333937300392744
"Transcriptional misregulation in cancer_Homo sapiens_hsa05202",0.149281225170509,-0.08935322390645,0.0519821517429989,-0.128284825822847,0.141741783746544,0.0263870632643954,0.138264421556217,-0.252909350541781,0.282057260855114,-0.209748578443342,0.125688659631336,-0.214837853193963
"Alcoholism_Homo sapiens_hsa05034",-0.078762833784448,0.0394816520296025,0.114647862800062,-0.099705011706166,-0.112399663968633,-0.109019004171834,0.15694147743471,0.135937890635781,-0.16851197533741,-0.0385193014794924,0.194116762754977,-0.212380400409301
"Systemic lupus erythematosus_Homo sapiens_hsa05322",0.0737277232773739,-0.0687296618977432,0.263110178521591,-0.22554447358899,0.127946757328103,-0.0118536006644083,0.084175881430185,-0.109547529789055,-0.0704049816526042,-0.126707644180614,0.258025711323542,-0.138365960642382
"Prion diseases_Homo sapiens_hsa05020",0.0772425502837659,-0.374656362035629,0.524877324491145,-0.420024873814732,0.274039593333421,-0.0580903310963482,0.227462858047156,-0.34059234962086,-0.0877773217130957,-0.0247762011366614,0.412970640113689,-0.364288843589889
"Inositol phosphate metabolism_Homo sapiens_hsa00562",0.159879321926478,0.0138938192813571,0.130129431148431,-0.341111194315982,0.0316103773124491,0.0484877226176733,0.202655749683359,0.0210151752327432,0.186100120547412,6.80759817592302e-06,0.0493363405656915,-0.338020245720795
"Phosphatidylinositol signaling system_Homo sapiens_hsa04070",0.0244471784418314,0.038572519536475,0.280335217627671,-0.347523734773733,0.0642558676563902,-0.014344307649302,0.245953613342797,-0.0671942893145282,0.0554096710915231,-0.0174494997669131,0.270288566430798,-0.32560575070888
"Calcium signaling pathway_Homo sapiens_hsa04020",-0.0909087831907401,-0.118844844979669,0.324695570396862,-0.240508383785232,0.133497212804808,0.21448435929875,0.0295648355723371,-0.278426991156462,0.127927340614379,-0.131804490074703,0.34213048151628,-0.245253421763736
"Renin secretion_Homo sapiens_hsa04924",0.207038973042924,-0.344708493893716,0.433669162830941,-0.288736273193565,0.271057846590153,-0.225344841994575,0.275045419572368,-0.257106696075904,0.0738470445705854,-0.314442641107262,0.403280985836456,-0.131619115900938
"Gap junction_Homo sapiens_hsa04540",-0.158502879528325,0.0673101707728373,0.286456332450463,-0.199100366776634,0.171936429171767,0.0752414423258575,0.315888960219199,-0.355565910957841,-0.0383967235778712,-0.200661159955757,0.391626091554001,-0.305441809476798
"Long-term depression_Homo sapiens_hsa04730",-0.245843114862114,0.0910546281897945,0.271149688260194,-0.192290257130011,0.183514164949934,0.13254362279903,0.255693627812368,-0.387530061894527,-0.233768629507919,-0.00759132206126512,0.352400551789747,-0.16873978300502
"Long-term potentiation_Homo sapiens_hsa04720",0.141089343117114,-0.182523461282372,0.283149738849815,-0.281170726827297,0.264013668066285,0.0935928968607959,0.23509821599322,-0.380541376962677,-0.137553676255147,-0.212299313016391,0.43047010171321,-0.180871650969174
"GnRH signaling pathway_Homo sapiens_hsa04912",-0.0759932266022059,-0.215835025245447,0.404408526966343,-0.165818920313051,0.267522243413095,-0.132822160907109,0.261937363812523,-0.231496110997559,0.0917312341707059,-0.332096300040607,0.467581642579234,-0.300823112520821
"Inflammatory mediator regulation of TRP channels_Homo sapiens_hsa04750",0.090084389163207,-0.327107154397173,0.456936748003072,-0.266076666980345,0.137534788278356,-0.12254005849777,0.341521665123017,-0.275493985944627,0.165850857749965,-0.376267184369185,0.443261331952225,-0.200521309897626
"Oxytocin signaling pathway_Homo sapiens_hsa04921",0.181519839080936,-0.242439435198519,0.277964341505844,-0.245675762540385,0.153711742340827,-0.107482571708593,0.265830323161067,-0.252358007535254,0.00736282277491279,-0.295846929523008,0.451003696418269,-0.158004794165501
"Vascular smooth muscle contraction_Homo sapiens_hsa04270",0.165886772483944,-0.119241607312632,0.162460897727489,-0.236787714550113,0.280113457719284,-0.201362782647061,0.360594315983731,-0.338029656340054,0.090845099357743,-0.288879005506267,0.388221943573968,-0.189738202857992
"cGMP-PKG signaling pathway_Homo sapiens_hsa04022",0.136165486545793,-0.0476506230212811,0.21467620231495,-0.35373629382818,0.207128686704887,0.00433479468518994,0.222965948906999,-0.37035116125386,0.0704933132960477,-0.177563657680304,0.386124148810758,-0.280317073501179
"Adrenergic signaling in cardiomyocytes_Homo sapiens_hsa04261",0.0580691726686848,-0.370738634942953,0.307505152472167,-0.249256126539611,0.00322301708177317,-0.0926141130525022,0.333771680088614,-0.228963386620381,0.0938575776864267,-0.266228487748673,0.339050675870322,-0.075747475208335
"cAMP signaling pathway_Homo sapiens_hsa04024",-0.0178894571603239,-0.203388517585189,0.307427914584381,-0.227827589312312,-0.0663071458287632,-0.113136076552599,0.365472808601154,-0.255741146011969,-0.0764454005214465,-0.19482649183369,0.409926905607657,-0.214422854820485
"Regulation of lipolysis in adipocytes_Homo sapiens_hsa04923",-0.140827597626105,-0.0137690360556639,0.354580865041054,-0.400046431680098,-0.30964701681495,0.0565372123787694,0.427956576418823,-0.249372521702208,0.102207086731104,-0.052039441713762,0.405794425631741,-0.422611978240709
"Platelet activation_Homo sapiens_hsa04611",0.335448624463018,-0.0732557489215672,0.216210268746195,-0.390500107588275,0.31836126163112,-0.0446132398115914,0.272900308046954,-0.428631788835282,0.187380626970294,-0.110625445464476,0.318121588816076,-0.37734041027971
"Chemokine signaling pathway_Homo sapiens_hsa04062",0.0185817920796721,-0.218665531787904,0.401875336223939,-0.22398655658692,-0.11366910151078,-0.188547629778065,0.464761621247977,-0.340046639212318,0.0745987064692119,-0.31269716120633,0.450734616922089,-0.363465404087364
"Morphine addiction_Homo sapiens_hsa05032",-0.271986339077378,-0.281556812985525,0.442661540994246,-0.149211818299247,-0.450737607572882,-0.376100641747475,0.632714353511818,0.0507234186604812,-0.0810036372913255,-0.225810854468285,0.482845021423489,-0.297981675438654
"GABAergic synapse_Homo sapiens_hsa04727",-0.131797028340938,-0.100183698431868,0.473779678971805,-0.312404269710961,-0.447602096300224,-0.267571691467247,0.60925065535032,-0.228670018740859,-0.189573267584853,-0.0793580521477237,0.374601796989143,-0.185516790182008
"Retrograde endocannabinoid signaling_Homo sapiens_hsa04723",-0.104221984230011,-0.158468068149556,0.50198838462399,-0.367339746061752,0.0965248409534115,-0.268320851526514,0.441301461305228,-0.35082047525439,0.00803050278423442,-0.261247993703312,0.485244816159055,-0.280020641422322
"Glutamatergic synapse_Homo sapiens_hsa04724",0.0867257756374827,-0.242414661165675,0.25019731529337,-0.264383077382242,0.134238207662152,-0.29945754784578,0.346229726597242,-0.171744969734348,0.00550401879365123,-0.243243318426859,0.461979574554243,-0.179532486219063
"Circadian entrainment_Homo sapiens_hsa04713",-0.0727252386074725,-0.344053963447348,0.50625322097376,-0.37124506395161,0.0404623600524606,-0.29429382707116,0.358080956928939,-0.11602105398813,-0.0236878368903214,-0.239993402388206,0.443991800917452,-0.211277962874832
"Dopaminergic synapse_Homo sapiens_hsa04728",-0.000216075759684325,-0.282674696445728,0.333419154040558,-0.121759248804534,-0.0500084135016176,-0.142154088822088,0.326533982293238,-0.197569511029005,-0.181828020302376,-0.258200219545602,0.39145452057679,0.00847214833165694
"Serotonergic synapse_Homo sapiens_hsa04726",-0.0611173120368686,-0.0255818405104018,0.236539146873595,-0.265405658109611,-0.0615432434431763,0.00619846052305434,0.237132083133369,-0.203183486953224,-0.181352549340755,-0.0434141027317568,0.354760677070155,-0.190304583425275
"Cholinergic synapse_Homo sapiens_hsa04725",0.0647944771461925,-0.287884289958901,0.407244836272063,-0.426372829968913,0.0808525076953415,-0.177091756987832,0.359225280024344,-0.319359398107717,-0.00937152482330622,-0.218131245278903,0.476797889877718,-0.244539381275823
"Estrogen signaling pathway_Homo sapiens_hsa04915",0.246664410332905,-0.346758490746508,0.310138989023836,-0.233178876961473,0.197394391342713,-0.188313201410707,0.302021142054389,-0.227564881053633,0.174327585279981,-0.383636609061006,0.343273606574655,-0.175144062684798
"Aldosterone synthesis and secretion_Homo sapiens_hsa04925",0.212762763212737,-0.320568488583489,0.368898701769847,-0.340051973760788,0.23717459157896,-0.0320230523241003,0.179472366764917,-0.201591637798839,0.308592557895229,-0.290237009962503,0.310790950792819,-0.236758374865272
"Insulin secretion_Homo sapiens_hsa04911",-0.0105822671381663,-0.231751095271568,0.231614748957869,-0.129939383439009,0.16715748312646,-0.287677002615119,0.225749526346745,-0.131357628547102,0.107738384752792,-0.289724792397466,0.42795452707306,-0.150577397849304
"Thyroid hormone synthesis_Homo sapiens_hsa04918",0.246132999233044,-0.320224882968641,0.451580181902084,-0.412253582553242,0.285099789800903,-0.335942906219921,0.412650922914207,-0.331473165965205,0.333268371389187,-0.449265953050763,0.482679917779351,-0.233524104432653
"Gastric acid secretion_Homo sapiens_hsa04971",0.0827547676032921,-0.275814079832905,0.388900870715065,-0.341846285819332,0.074876158805901,-0.364068430790009,0.39799629100607,-0.271133971642129,0.115044560327537,-0.269117556150848,0.443574831955753,-0.261608151160893
"Salivary secretion_Homo sapiens_hsa04970",0.0465943891562446,-0.264649202153415,0.415576346422662,-0.325583013521098,0.153311560435227,-0.221908971229355,0.382038289139453,-0.279563901230119,0.14691306239854,-0.44660409770844,0.490572169363808,-0.0610946785908918
"Pancreatic secretion_Homo sapiens_hsa04972",0.223320486250795,-0.0991318298083254,0.295956990547925,-0.397033741426141,0.198261379868699,-0.221116414638453,0.310613391926071,-0.339984122197822,0.162000763163455,-0.333160269051183,0.421679042812944,-0.0666638975908915
"Endocrine and other factor-regulated calcium reabsorption_Homo sapiens_hsa04961",-0.244608988656665,0.0426681278198347,0.419560790128975,-0.161250475603814,-0.362472796704508,0.268800597070992,0.150784188869894,-0.0430098306698559,-0.184645801963986,-0.306106896320279,0.595022916679511,-0.100427181645869
"Bile secretion_Homo sapiens_hsa04976",0.166088776833361,-0.0234339292144802,-0.140482600088235,-0.0438051447534125,-0.128790143570619,-0.0850645512806975,0.0880504839396709,0.0353661247577101,-0.00562613412191412,0.222801858120972,0.205825409490793,-0.192856412948737
"Ovarian steroidogenesis_Homo sapiens_hsa04913",0.0573081926244445,0.266878517568137,-0.357663044602533,-0.031288600340497,-0.402587273528763,0.302279413526541,0.061610416025483,-0.0313758793573234,0.00347367389271624,0.128175429364231,0.364914663505885,-0.26328579996112
"Vasopressin-regulated water reabsorption_Homo sapiens_hsa04962",0.0372137873230368,-0.434417256104742,0.593392135413295,-0.187278800407947,-0.192228939769548,-0.422513518360156,0.558936508018488,0.00900059714567819,0.129242825781285,-0.471105372451403,0.56293951027899,-0.319004590528933
"Cocaine addiction_Homo sapiens_hsa05030",-0.0111762170833565,-0.209052065200225,0.363544329754393,-0.197991312729372,-0.271921990356373,-0.237343199236388,0.360979957876858,0.0880184096067046,-0.170398816659376,-0.274023032821941,0.445705299353662,-0.286084659338107
"Amphetamine addiction_Homo sapiens_hsa05031",0.147435919146227,-0.399565376786445,0.334015891420691,0.0226853693873397,-0.073556791106532,-0.270074197417365,0.268937959281235,0.212610387211069,-0.133497260092112,-0.312867064611099,0.432179336999129,-0.204141076572082
"Glucagon signaling pathway_Homo sapiens_hsa04922",0.11371518018988,-0.237369825853937,0.189369597553349,-0.0823313125422498,0.13156098195639,-0.14357876605046,0.252991785208956,-0.259786055874904,0.0129960223881926,-0.255364240400376,0.256847768114526,0.0265366512033033
"Adipocytokine signaling pathway_Homo sapiens_hsa04920",-0.285870604567587,0.362639353305096,0.142508495377588,-0.281278084398012,-0.0305232075909957,0.264280584053614,0.311705788442868,-0.434905035672551,-0.253151024243887,0.318508870458001,0.238378818026488,-0.312515763697853
"Insulin resistance_Homo sapiens_hsa04931",0.106550058803983,-0.186949120753991,0.26274169579743,-0.292966667012707,0.0529353867031664,0.0663178780814556,0.285756597075534,-0.342703545272333,0.0253709411589867,-0.0715587865140803,0.273774352630422,-0.260310604609773
"Insulin signaling pathway_Homo sapiens_hsa04910",-0.120160602094255,-0.193693721554058,0.293410050179874,-0.0422433742571256,-0.15727753371709,-0.0205218178711265,0.332808303484636,-0.214283781196312,-0.0776978564074123,-0.07515552475581,0.332599247299258,-0.221291132970765
"Type II diabetes mellitus_Homo sapiens_hsa04930",-0.00698270428327923,-0.504615495399137,0.493663952902077,0.0119843568404809,0.353119238377469,-0.256464687459955,0.400980062066401,-0.397603754828209,0.118237500980697,-0.241936729817816,0.532958992970567,-0.347478273428536
"Longevity regulating pathway - multiple species_Homo sapiens_hsa04213",0.0706013055427924,-0.201796945400763,0.125636925608777,-0.262075114869517,-0.165078506744166,-0.0157021364155006,0.15128019446125,0.158581985365774,-0.058603686171039,0.199196424118094,0.190295839893619,-0.279376355990821
"Longevity regulating pathway - mammal_Homo sapiens_hsa04211",0.0902181759439784,-0.157518471011739,0.186014624726003,-0.365553298250396,-0.213124586919088,0.0611893768424989,0.143920267627835,-0.038122029229835,-0.0359007638333805,0.164964014150035,0.288042295931116,-0.295624085382795
"AMPK signaling pathway_Homo sapiens_hsa04152",-0.0909133960943361,-0.0726209368230022,0.100304056115799,-0.0302595811769729,-0.113291822605771,-0.0104349329166348,0.229697285453195,-0.090753904117096,-0.179953240380357,0.0703447149206507,0.185855480403523,0.0281741624766792
"mTOR signaling pathway_Homo sapiens_hsa04150",-0.105585262354927,-0.178394242846329,0.384553022822639,-0.307201669919319,-0.0153800863221504,-0.0622576017523483,0.176797614379609,-0.116793731958096,-0.166863061074459,0.145190820488345,0.272900037802435,-0.206094977709825
"Aldosterone-regulated sodium reabsorption_Homo sapiens_hsa04960",-0.0895488477767015,-0.32409867121647,0.497348512917254,-0.427766074339993,0.0210148276933634,-0.0502854294059619,0.317115792406286,0.0186010668688541,0.210897578505235,-0.335372218672375,0.575726831447674,-0.391810069261166
"Carbohydrate digestion and absorption_Homo sapiens_hsa04973",0.129755638369306,-0.292653333059011,0.302078658473705,-0.356219586240061,0.219965875676949,-0.323034219320486,0.468885133036128,-0.221592610327201,0.343267286371743,-0.544521297705097,0.482982999755709,-0.158262610975142
"Thyroid hormone signaling pathway_Homo sapiens_hsa04919",0.19076684130507,-0.166546893241967,0.170344079134061,-0.274767940640886,-0.00044691907696931,0.0505200728054642,0.223488365751329,-0.268440029128632,0.130605044325809,-0.0907408814641802,0.361157730253468,-0.333699712991256
"Sphingolipid signaling pathway_Homo sapiens_hsa04071",-0.0612046430380994,-0.223458528737556,0.364264448861572,-0.253431148617039,0.140358043131529,0.113391625108635,0.278690503605979,-0.421903863026545,-0.0584292187024172,-0.141576707431751,0.433006640054983,-0.234271700681169
"Chagas disease (American trypanosomiasis)_Homo sapiens_hsa05142",-0.0231037359364758,-0.289304503997985,0.448938792083246,-0.277770880740383,0.217549566815115,0.00536417173006259,0.31761481604724,-0.457318421799553,0.114272685329209,-0.199787825213561,0.383971488068042,-0.26623228543828
"AGE-RAGE signaling pathway in diabetic complications_Homo sapiens_hsa04933",0.0992917319439553,-0.139325291862801,0.273174211778917,-0.233863277897254,0.112898825785806,-0.0550908562201743,0.293150666600137,-0.261257809306079,0.120765160045491,-0.202552098342579,0.241537791746466,-0.204494328911739
"Amoebiasis_Homo sapiens_hsa05146",0.0847256316715638,-0.219585844095847,0.310434205374017,-0.208417713119617,0.0269642090720758,-0.143317459873,0.435169709849538,-0.264442601417716,0.00549624263889395,-0.31647641680199,0.456897391775208,-0.238918914933284
"Natural killer cell mediated cytotoxicity_Homo sapiens_hsa04650",0.140478912811173,-0.259335542448548,0.355343512571318,-0.194392039826218,0.166098939773753,-0.0106849515784475,0.348877159932133,-0.308951189318787,0.180207445933625,-0.348222340888392,0.466295972892681,-0.361832762963994
"Fc gamma R-mediated phagocytosis_Homo sapiens_hsa04666",-0.0803745244832016,-0.365160439220964,0.517296998738092,-0.066092283722243,-0.0246960972284428,-0.287632388189673,0.500983543313342,-0.246193580494439,0.00906533840332371,-0.398600234334375,0.458806344658381,-0.0744746072592619
"Choline metabolism in cancer_Homo sapiens_hsa05231",-0.136679227795689,-0.346306455391397,0.438675742761897,-0.0153598838620848,-0.0860613369736308,-0.0354365619218156,0.323528105695905,-0.135785712251955,-0.29116779963346,-0.158159089593805,0.478173247280271,-0.0977644028477396
"Phospholipase D signaling pathway_Homo sapiens_hsa04072",-0.273210592188795,-0.0368225985586191,0.368574434609068,-0.144616933852995,-0.195597541675529,0.119924759610779,0.299134865784331,-0.127379979188777,-0.147997218089085,-0.123308030219497,0.441898494600341,-0.219532379672264
"Central carbon metabolism in cancer_Homo sapiens_hsa05230",-0.120099352034385,-0.304133750587904,0.278120413050793,-0.0525709526139294,0.18883275835759,-0.161125002214668,0.319365162412042,-0.206209242102766,-0.00860819723634954,-0.200753680411495,0.374468422428511,-0.271306078440419
"HIF-1 signaling pathway_Homo sapiens_hsa04066",-0.130261898043257,-0.300683238436733,0.401845586657488,-0.158137965416302,0.126931059453617,-0.225162137320528,0.221233233759001,-0.0504504402964312,-0.160897802736138,-0.0823027345186202,0.354313394640169,-0.0841776932441383
"Renal cell carcinoma_Homo sapiens_hsa05211",-0.0211885502715677,-0.0752929218060057,0.178040455239429,0.0337536260111789,0.0868709953218431,-0.0854278412039507,0.198429702581283,-0.112979715289394,-0.193416030163021,-0.257688705958674,0.354408378505078,0.00123209005184804
"ErbB signaling pathway_Homo sapiens_hsa04012",-0.00620867172353182,-0.280838202721679,0.31717624595142,-0.0898523207158021,0.0812527339737094,0.0532756410811037,0.249281332748706,-0.235746407990769,-0.0556276121142645,-0.106711696186843,0.400720446015569,-0.295351007159671
"Acute myeloid leukemia_Homo sapiens_hsa05221",0.103209622781319,-0.0118005509956732,0.154651303280644,-0.401967733719101,-0.036153287234532,0.257226427655938,0.230741851348584,-0.343306016438778,-0.0808429086034267,0.195015764443601,0.295087165670912,-0.420539612932619
"Endometrial cancer_Homo sapiens_hsa05213",0.190884950938843,-0.0718883398806296,0.00600813010101181,-0.183696571190741,-0.162319478949948,0.304331585451091,0.0256736517441188,-0.189377050253835,0.224735602468132,-0.00896111465441807,0.108970563649178,-0.331997953931775
"Colorectal cancer_Homo sapiens_hsa05210",0.192259395845381,-0.277599108166841,0.0374689976571305,0.0952517593852499,0.0632484841908618,-0.0222599776130843,0.267789959883524,-0.276249455497205,0.157638817007245,-0.0598989342820934,0.147664826902877,-0.144040435052223
"Pancreatic cancer_Homo sapiens_hsa05212",0.281317065910387,-0.162648236021768,0.233293932555906,-0.266328106686604,0.152773625366227,-0.0969167737494236,0.331008885446424,-0.232725021217377,0.239148947114614,-0.180323461160957,0.246912813422495,-0.264908990297123
"Chronic myeloid leukemia_Homo sapiens_hsa05220",0.172596141208806,0.0556593375177397,0.0906043539069661,-0.349036873341587,0.199386751171109,0.18843704496727,0.139443878597591,-0.343222082699121,0.258562640992126,-0.0211746922323363,0.0592036128328667,-0.364788862550303
"Prostate cancer_Homo sapiens_hsa05215",0.000232204999179558,-0.120620636717741,0.264131405273212,-0.365034373100461,0.00757811855083267,0.119414082896704,0.188948290909462,-0.284201395124038,0.195298150962421,-0.122823343882852,0.401844227402737,-0.37177130907051
"Melanoma_Homo sapiens_hsa05218",0.0979715531598885,0.0917182079137526,0.0699070171989373,-0.39736806452246,-0.0396108441039528,0.309252601542992,-0.139799748884653,-0.0477586325321477,0.194316204913124,-0.0368231003117475,0.191865123446231,-0.344353305261765
"Glioma_Homo sapiens_hsa05214",-0.00119991637227737,-0.151183125574377,0.247314104046637,-0.184502319980377,-0.0237181841019567,0.080318863896443,0.161504872586597,-0.0574664246600535,0.186850412479536,-0.150926537953666,0.262164097231146,-0.345634917891197
"Non-small cell lung cancer_Homo sapiens_hsa05223",-0.033442996709523,-0.0929133801942876,0.254154921239467,-0.121948668233631,-0.0905666291313049,0.0788474216386602,0.181999702301573,0.0217010939532065,0.221764468192073,-0.248747883716526,0.284591054684404,-0.328138346003789
"VEGF signaling pathway_Homo sapiens_hsa04370",0.097650364972171,-0.408946998001251,0.4339312047243,-0.0754314387215653,-0.0338094267853033,-0.098407562648988,0.353081555215579,-0.20814056872089,-0.154182055363215,-0.356081365972559,0.531251934357909,-0.141530542765071
"Fc epsilon RI signaling pathway_Homo sapiens_hsa04664",-0.1219281328018,-0.271561467087963,0.375411677492551,-0.163373949044419,0.15082187552414,-0.126724682163829,0.266732068623064,-0.251402266269386,0.164525612506806,-0.266321970003765,0.360028869343098,-0.287577064501243
"B cell receptor signaling pathway_Homo sapiens_hsa04662",0.146784719127418,-0.220463612717689,0.360026416522306,-0.285412973852788,0.0291554352931226,-0.0843673425405958,0.435761395622911,-0.429304670654356,0.120359239885008,-0.334423249221743,0.445722687150471,-0.326689402127382
"T cell receptor signaling pathway_Homo sapiens_hsa04660",0.177566033582051,-0.238974643097912,0.365943603204429,-0.238206124797133,0.0874498489718748,-0.00810991685105136,0.254430303227896,-0.25333896484563,0.227930424008365,-0.272915566836469,0.295389972036587,-0.246027156276883
"Neurotrophin signaling pathway_Homo sapiens_hsa04722",0.0214277177586711,-0.219565295134074,0.407384835290256,-0.337873501700754,0.0565536784810595,-0.141242252252091,0.363620165847735,-0.333711497014009,0.153447985293543,-0.271829810879869,0.435650621057199,-0.351296982883731
"Prolactin signaling pathway_Homo sapiens_hsa04917",0.120640565656887,-0.19128879347203,0.234378875339412,-0.247701744093241,0.0847256332655243,0.123494567022426,0.286330025215557,-0.365258921140153,0.136342681776703,-0.203489197435827,0.336072419190858,-0.421486074098055
"FoxO signaling pathway_Homo sapiens_hsa04068",-0.118801224064052,0.0258682811977253,0.222815071728423,-0.17581752237381,-0.318616778514201,0.250684939704691,0.187337137978794,-0.152863674822671,-0.0313960131275934,0.0586183214588188,0.158650230946623,-0.222848181123548
"MAPK signaling pathway_Homo sapiens_hsa04010",0.0376889666796775,-0.227612883212539,0.271388896091293,-0.0991128425261888,0.177166789797948,-0.0726552197363595,0.296270894444074,-0.307171210175319,0.158803087148173,-0.188854865175869,0.314746971451459,-0.346538250962828
"Ras signaling pathway_Homo sapiens_hsa04014",-0.21518159586065,-0.158456280984876,0.360310287112067,-0.167463154713498,-0.119732823250421,-0.0733844419933627,0.370196971026132,-0.237446871978909,-0.033535982835749,-0.252265291372352,0.442499021380407,-0.201260737563084
"Rap1 signaling pathway_Homo sapiens_hsa04015",-0.0504579184742858,-0.107036535005112,0.308100097952159,-0.236489401825105,-0.0565878062271236,-0.0109748097927747,0.368906102601061,-0.246407304375302,0.0456315827174306,-0.183885205318932,0.390893872772075,-0.304425529846015
"Regulation of actin cytoskeleton_Homo sapiens_hsa04810",0.113920310329295,-0.22496627037015,0.342244238053066,-0.145532438568858,0.180187832622296,-0.24834154740612,0.363576321235285,-0.304063176123283,0.189102726806194,-0.329591613136694,0.356800677240035,-0.231253618415697
"Focal adhesion_Homo sapiens_hsa04510",0.205151022476747,-0.122917492379938,0.174603148921116,-0.159673079914209,0.177640676475584,-0.0454999237752054,0.256062908021175,-0.336568222011398,0.226725585886445,-0.19848452132509,0.362295222136778,-0.265714910362664
"ECM-receptor interaction_Homo sapiens_hsa04512",-0.0168449438933392,0.401652557164815,-0.321760258561228,-0.167126324430464,0.0776788101150856,0.317143043704824,-0.0886053521976633,-0.255923752197618,0.0336896657832783,0.334967993937912,-0.150389378082029,-0.355644477117913
"PI3K-Akt signaling pathway_Homo sapiens_hsa04151",-0.109959693599423,-0.0341445653536654,0.238648355158123,-0.146565952428552,-0.118243708826204,0.0467364759805261,0.25258704537808,-0.168126653335721,-0.0810456930644676,-0.0737082480520583,0.296020284006806,-0.16071910264652
"Pathways in cancer_Homo sapiens_hsa05200",-0.056478556228079,-0.0263898698640686,0.0921539572285514,-0.0528805819716303,0.0530365859824049,-0.0103692725030684,0.270305514794015,-0.216819712837834,-0.0426782492066737,-0.0499450219302554,0.220519242192901,-0.145881072813126
"Small cell lung cancer_Homo sapiens_hsa05222",0.126132441783456,0.0889775017252483,-0.0390020619345718,-0.15176046735945,-0.20852195741217,0.267209686134175,0.127983959925699,-0.216839106567256,0.0886211810355807,-0.0767988845119656,0.0319289036292364,-0.0317224207046916
"Apoptosis_Homo sapiens_hsa04210",0.035048754562177,-0.0409983691996025,0.185491543788259,-0.221107814851682,0.234533500953651,0.0531419531372822,0.169041369406459,-0.33777003526657,0.133490458008444,-0.194758451997074,0.382488620091899,-0.283834987447191
"NF-kappa B signaling pathway_Homo sapiens_hsa04064",-0.0942128887105589,-0.133928368247776,0.299757964187304,-0.226177361873958,-0.0916464356051544,0.0429878898498622,0.310716349066892,-0.314305081907552,-0.0286905765466638,0.00530492013155588,0.318618345628563,-0.238849367997468
"Osteoclast differentiation_Homo sapiens_hsa04380",0.159837947031873,-0.219785118659957,0.418232953680079,-0.319154580744588,0.173739395221474,-0.126703623897472,0.405489825739023,-0.384224635522792,0.105788000395859,-0.275912057639575,0.478401184282213,-0.395101379670598
"TNF signaling pathway_Homo sapiens_hsa04668",0.0954644557529197,0.00234138183841931,0.184207152876301,-0.362176818161767,0.274326396581145,0.000940613292974873,0.294133422898963,-0.348412961719479,0.163142602140554,-0.191369820060402,0.304541071920106,-0.360387303587893
"NOD-like receptor signaling pathway_Homo sapiens_hsa04621",0.213862345052779,-0.195906680042479,0.267062337071228,-0.242419543964353,0.354090086982735,-0.316616507976146,0.41277207214764,-0.270697374157715,0.261007706233891,-0.415455035002786,0.513082836946769,-0.270952359941196
"Cytosolic DNA-sensing pathway_Homo sapiens_hsa04623",0.163373898183028,0.0246987802049332,-0.0989018791373686,-0.183261354817498,-0.107399882581065,0.136189492782705,0.15752778830191,-0.17206583157734,0.289490699160029,0.254808222130176,-0.318515146442222,-0.14506961035544
"RIG-I-like receptor signaling pathway_Homo sapiens_hsa04622",-0.140175567762572,0.0670273731170433,0.222073502853938,-0.266273783932598,-0.156796860022946,0.24223212512199,0.332130379735218,-0.25629596241606,0.00648914305754178,-0.126180407294019,0.368302005415409,-0.372291868307441
"Toll-like receptor signaling pathway_Homo sapiens_hsa04620",0.0115545922961657,-0.122699042224318,0.414893634602414,-0.457476569053401,-0.0548376144084104,0.142166745724112,0.292909475152569,-0.272572208200883,-0.0900563811763499,-0.13364939646853,0.434164776197589,-0.352254651251743
"Hepatitis C_Homo sapiens_hsa05160",0.0443839619402465,-0.0993046523048404,0.266818727025363,-0.225902648226377,0.026356217429512,0.102498582086122,0.172984827040685,-0.287742920949064,0.249050141112503,-0.125303682403479,0.389398315381863,-0.431164720836541
"Hepatitis B_Homo sapiens_hsa05161",-0.00779617393618789,-0.076210680697291,0.241639753197723,-0.331016824969613,0.151971571130928,0.0642789633412813,0.231845679912714,-0.290467716370135,0.172863503365744,-0.147716180173466,0.301244817104675,-0.354613847436293
"Measles_Homo sapiens_hsa05162",0.223814155145449,0.0597954947021632,0.167786838858903,-0.398757589085236,-0.0266047149617267,0.270406521138588,0.0702492652206119,-0.268842783898994,0.120569619659953,0.187064521388271,0.0124140958610835,-0.336131617426707
"Influenza A_Homo sapiens_hsa05164",0.0468050654025341,-0.159031279171419,0.328911974779601,-0.247051886646084,0.00500078153544678,-0.0724409525864037,0.292752014381455,-0.18373242768617,-0.0934450823632988,-0.130337072042655,0.373520272967204,-0.267882305159143
"Herpes simplex infection_Homo sapiens_hsa05168",0.138557987477771,-0.0778972399312888,0.162774729698476,-0.165797061889183,0.163500127713849,-0.10384540427731,0.180458489199841,-0.100477831798682,0.205769501331893,-0.0837624449774883,0.14670964374283,-0.253635278342628
"Epstein-Barr virus infection_Homo sapiens_hsa05169",0.00663257451380064,-0.0248164003253125,0.136513510412255,-0.13208885284242,-0.101840651399359,0.0529206685095202,0.114816333047927,-0.0815564687933541,0.000296409492165806,-0.0644320685992275,0.111714100042502,-0.0696496468256207
"Viral carcinogenesis_Homo sapiens_hsa05203",0.124428946161052,-0.0701352469844776,0.15805588333199,-0.201985389347302,0.0577518366263892,0.113410200723545,0.159493541562986,-0.261373760171866,0.234903074635232,-0.144914207104823,0.203138964038256,-0.304808744076658
"MicroRNAs in cancer_Homo sapiens_hsa05206",-0.00811521022237263,-0.2727675991689,0.251057507920948,-0.166214955965531,0.137895429210252,0.0422211703295094,0.299507158810314,-0.313773121298409,0.14255959805157,-0.234428664381178,0.35904966101826,-0.25474328073318
"Bladder cancer_Homo sapiens_hsa05219",-0.0128732912666123,0.101088598341157,0.111056111807866,-0.212171409600066,0.132044099712735,0.233498367096695,-0.075528758111254,-0.158209340378023,-0.17193846295709,0.0249120636108441,0.0773699539586515,-0.223074785050324
"Thyroid cancer_Homo sapiens_hsa05216",-0.369620889718814,0.114363820927156,0.320834049574101,-0.0348101265822834,0.146990708762187,0.10206405084951,-0.00288193241524903,-0.187500000000006,-0.453434471581603,0.170389349280592,0.227907048725659,0.052982418434544
"Dorso-ventral axis formation_Homo sapiens_hsa04320",0.336548270811577,-0.539173550880612,0.613222035800422,-0.447497323361882,0.494080467432646,-0.00704306698174101,0.136108348258947,-0.563757708057428,0.375729691106152,-0.520313820835008,0.466984790428065,-0.572250008158405
"TGF-beta signaling pathway_Homo sapiens_hsa04350",-0.124400121686824,-0.0590509572392866,0.127515143769822,0.117165154690534,-0.0129141942328382,-0.214524625394616,0.0675592026542371,0.0680704617518433,-0.108314371079195,0.0330248097410219,-0.11993041611335,0.105000264234674
"Hippo signaling pathway_Homo sapiens_hsa04390",0.238249179043615,-0.371076635785928,0.073460429077657,0.206687962626907,-0.0349978749094934,0.0488477077286738,0.164187208072077,-0.23004064506067,-0.0367347302968659,-0.115785060631778,0.00938505926357516,0.226862752855227
"Basal cell carcinoma_Homo sapiens_hsa05217",0.436698957215385,-0.430031909729973,-0.330403455148747,0.43387451465437,0.0986608420648175,0.554556257020611,0.182115372170948,-0.547592924155537,0.441806855650679,-0.260999148314985,0.0978697393257628,-0.251599962463163
"Hedgehog signaling pathway_Homo sapiens_hsa04340",0.0830449068130109,-0.19112734376273,0.0821874506084934,-0.0231007577231619,-0.218328128824804,0.431492073977401,0.270166228792493,-0.470148782311966,0.0542099318052864,-0.449974526731029,0.351768345765996,-0.0396400932734644
"Wnt signaling pathway_Homo sapiens_hsa04310",0.321824101217642,-0.249364628598526,0.11576925785152,-0.0425555792845979,0.328062710556321,-0.138456093805091,-0.017172998877983,-0.142200869827287,-0.0143785375182821,-0.102187614406328,0.159314155993359,-0.0410413638895854
"Melanogenesis_Homo sapiens_hsa04916",-0.134755545812568,-0.369097616649414,0.470974692277825,-0.215004234245336,0.00589687317366003,0.0135585672165365,0.39142035357204,-0.303639426535187,-0.0225510956969733,-0.23364907750698,0.456497530942245,-0.319563972783802
"Proteoglycans in cancer_Homo sapiens_hsa05205",0.176214535300036,-0.296197791243598,0.270826892863959,-0.112094329507895,0.0152778658647269,-0.153575310987062,0.242544027946871,-0.094582312506591,0.0287803501940443,-0.226678960689672,0.255508204983956,-0.0817697885420437
"Signaling pathways regulating pluripotency of stem cells_Homo sapiens_hsa04550",0.149204259043321,-0.204082481986349,0.0774686893678156,-0.0640822691813693,0.0890557103083601,0.0982340076486082,0.139777707017386,-0.14712063587686,0.164976536770249,-0.153074916265406,0.173002976235509,-0.149620501089826
"HTLV-I infection_Homo sapiens_hsa05166",0.112359258695642,0.0297459574248143,0.00652226449025908,-0.234859343721728,0.0672862163924003,0.142565580494578,0.0315784164045644,-0.207695275300237,0.127631411795101,0.0644063519160401,0.0496850039033728,-0.258087497868386
"Progesterone-mediated oocyte maturation_Homo sapiens_hsa04914",0.100877647003242,0.0221269885355886,0.0797174203307277,-0.198460043465236,-0.099432065474104,0.149889736911764,0.0628560182698089,-0.161029619891455,0.0204458486864059,0.199757845959408,0.112956356651834,-0.233344781959873
"Oocyte meiosis_Homo sapiens_hsa04114",0.0830490643734332,-0.109328446500215,0.0820289114409339,0.0517098199386385,-0.000920151670261243,-0.0838424135189942,-0.0323032728725348,0.0572985525310418,-0.141353993127014,-0.0304948934729176,0.0746842291317259,0.0453432727899372
"Cell cycle_Homo sapiens_hsa04110",-0.0327177577013122,0.18425595019289,-0.286263227624347,0.172800380052488,0.149032937959993,0.170308762365353,-0.316862574563525,0.121001254622403,0.0578373178036251,0.307554032260016,-0.434717645775333,0.167914226024899
"p53 signaling pathway_Homo sapiens_hsa04115",-0.00978141395925924,0.437288349161673,-0.222390993025253,-0.158835928551071,0.0891228102949495,0.314703242526808,-0.1551441667794,-0.193877582503444,-0.00587084363562781,0.328551308085096,-0.0850402797192983,-0.302592435218116
"Ubiquitin mediated proteolysis_Homo sapiens_hsa04120",0.191568580497661,0.0426101873911678,-0.214573062494626,-0.173398790970526,0.0507306219525977,0.0505742118111721,-0.00566349460963717,0.000966115464049871,-0.0500997385346513,0.0980660424447292,-0.26078405754433,0.123658370339981
"Axon guidance_Homo sapiens_hsa04360",0.0154615085902205,-0.325913430314758,0.345544661486925,0.0604299333764344,0.146122857231539,-0.267746882504034,0.320084490760973,-0.214256154757422,-0.131830812550914,-0.171327289402171,0.423319776317928,-0.249859071464565
"Endocytosis_Homo sapiens_hsa04144",-0.00338892656064033,-0.274285020348201,0.390549217796792,-0.250933191347619,-0.116832310030834,-0.121175436844998,0.347888814006778,-0.175689015419139,-0.0428168959183735,-0.186093925047207,0.338508360467262,-0.2141876882584
"Bacterial invasion of epithelial cells_Homo sapiens_hsa05100",0.133147736022274,-0.347698114576354,0.400311002959218,-0.0546657147643923,-0.0558216132651394,-0.11547883688679,0.396793787541569,-0.24022091630904,0.11825168893519,-0.29397904154174,0.30506905324204,-0.0786104729725922
"Shigellosis_Homo sapiens_hsa05131",0.196812452791976,-0.295194547005479,0.489561883015542,-0.256867191943205,0.308777197376229,-0.265141069380994,0.416180228643225,-0.4343889057283,0.150486081300433,-0.373181454609041,0.526526586727028,-0.413263925408073
"Salmonella infection_Homo sapiens_hsa05132",0.177230774879998,-0.465118076128218,0.511591383314886,-0.19765790372244,0.198572476300843,-0.245959755489294,0.341951846926343,-0.347871949082784,0.304449517452477,-0.420989813438066,0.546199558784432,-0.377862829898131
"Pathogenic Escherichia coli infection_Homo sapiens_hsa05130",-0.0120106545429959,-0.274952515610289,0.393382805494731,-0.113877620969827,0.0778352609068417,-0.272549653766769,0.393079583134305,-0.147207661843585,-0.146385764301492,-0.126270134888611,0.280472390254081,-0.0639228795123351
"Leukocyte transendothelial migration_Homo sapiens_hsa04670",-0.119694015903843,-0.252620014726675,0.415964838688334,-0.0770520102192805,0.0229253627196594,-0.193858101335303,0.38209058809443,-0.163720700910025,-0.0605172824815074,-0.33772026634293,0.432050402393113,-0.0828621820560088
"Tight junction_Homo sapiens_hsa04530",-0.0356476680981777,0.0240364062789377,0.0613754583264542,0.0238052161859983,0.0977621831602487,0.00594189652895036,0.176161334527389,-0.274527437313344,-0.0640154947546611,-0.130845210277998,0.10817717200615,-0.138595962011781
"Adherens junction_Homo sapiens_hsa04520",0.0901534328971343,-0.221462187791599,0.423568320800175,-0.179614010628603,-0.036221342551139,-0.212275149477481,0.313576730395073,-0.0859347026768573,0.107778122412807,-0.128932307820276,0.197001419178523,-0.172953003414099
"Arrhythmogenic right ventricular cardiomyopathy (ARVC)_Homo sapiens_hsa05412",-0.0908580928249285,0.254620152104701,0.0237481541433472,-0.110505452333429,-0.0718334194061323,0.14162803266326,-0.01581846254235,-0.0568899367029877,-0.143265996441644,0.238923004358245,-0.0304174523358842,-0.0394373960629612
"Hypertrophic cardiomyopathy (HCM)_Homo sapiens_hsa05410",-0.0515576980992108,0.0452078401223973,0.252190454945796,-0.236777542129421,-0.124567526192301,0.245713041072194,0.0333994500725957,-0.165702374116172,-0.112547704693836,0.273258658017815,0.127003024342682,-0.291496114637083
"Dilated cardiomyopathy_Homo sapiens_hsa05414",0.0589001652990546,-0.0819257470760328,0.254234495091543,-0.284243208781155,0.0146355535304695,0.0656685352764429,0.145726769215089,-0.130224012740596,0.0593137099047186,0.0803764371152739,0.30641742594012,-0.347034971454033
"Cardiac muscle contraction_Homo sapiens_hsa04260",-0.321572768907397,0.147550710919313,-0.0474200381856819,0.046423964757703,-0.2188598724644,0.110850448324117,0.180837329663328,0.101411615836084,-0.349994604484877,0.194998376929828,-0.0303836697662775,0.0960786486936409
"Non-alcoholic fatty liver disease (NAFLD)_Homo sapiens_hsa04932",-0.475688464694737,0.304887622432988,0.0726768693859792,0.204861852834494,-0.43440883539501,0.262525337884692,0.0302154773261305,0.26478537525587,-0.491407175865673,0.255612061519784,0.0992074616401706,0.166984023736101
"Alzheimer's disease_Homo sapiens_hsa05010",-0.41965284913598,0.297000980812466,0.104582556388189,0.0525315370347717,-0.390963890570588,0.308406181131173,-0.00698768480926282,0.194471931595893,-0.46591953876676,0.258281574527374,0.207986323908298,0.0335455687969259
"Oxidative phosphorylation_Homo sapiens_hsa00190",-0.622464692689401,0.334723834232139,0.159014526912969,0.339931974737514,-0.564067416373094,0.321838888585134,0.133017224246938,0.316807710232807,-0.632063264757634,0.299499009413092,0.212894958771917,0.354002341624613
"Parkinson's disease_Homo sapiens_hsa05012",-0.527477708555913,0.359128677814147,0.0378015927555097,0.210010755315105,-0.498611542108308,0.374619227969995,-0.00219706772813438,0.279058279646257,-0.522675386051394,0.302054725554496,0.0530949257453787,0.214824374571201
"Huntington's disease_Homo sapiens_hsa05016",-0.375549016397679,0.219555461727673,-0.000491225410393356,0.116156911784321,-0.332587747541041,0.206935233460846,0.0434389138607458,0.127155358139998,-0.440762351703449,0.194524444652056,0.0992582858472234,0.133633207192473
"Metabolic pathways_Homo sapiens_hsa01100",-0.199300663999023,0.0892046524852486,0.14431619285383,-0.047003110831296,-0.173324316978476,0.072838856051483,0.109316423168886,-0.029711024561764,-0.260784943038011,0.180896885066949,0.0831586685721146,-0.0809715875414734
"Amyotrophic lateral sclerosis (ALS)_Homo sapiens_hsa05014",-0.189263929532039,0.0255698068299126,0.0841370074548774,0.140341352961589,0.114614047771151,0.108622894129362,0.0550722931655681,-0.0288051352346873,-0.267659250113199,0.0628015917776792,0.216391401306398,-0.249901385619749
"Nicotine addiction_Homo sapiens_hsa05033",-0.0227380388441871,0.331935623730395,-0.765829780514874,0.507579881805287,-0.895645454009006,0.627387962913435,0.168827482994614,0.741757730779594,-0.573977577767347,0.558883749505628,-0.487762513816606,0.488279781396619
"Neuroactive ligand-receptor interaction_Homo sapiens_hsa04080",-0.482235234008091,0.340004207446891,0.0446903325392258,-0.0234728115257548,-0.417920052536641,0.173911694253669,-0.0370869865782363,0.443349170557702,-0.381789792304546,-0.22762054123905,0.0355059486061998,0.262470211294841
"Taste transduction_Homo sapiens_hsa04742",0.535359213388896,-0.445593768259351,0.325794459524154,-0.224209441453562,-0.103434040662291,0.53163341663702,0.260727953814192,-0.52272452314568,0.452533028370192,-0.575660904804624,0.669774055932993,-0.326986996909989
"Olfactory transduction_Homo sapiens_hsa04740",0.414726217356003,-0.619100020831407,0.600372215380344,-0.50106019798759,0.0483930080440161,-0.363771763530581,0.377861613319407,-0.00872775562762651,0.399795289606699,-0.586035943812831,0.581014535493185,-0.61966630907827
"Phototransduction_Homo sapiens_hsa04744",-0.325054046118234,0.146079180003628,0.368801312402075,0.0401137081490533,-0.278498230286051,-0.00225721570929299,0.270294995208593,-0.0420194494257775,-0.684164806835382,0.00378549197457662,0.444397418338483,0.128079595704337
"Circadian rhythm_Homo sapiens_hsa04710",0.0829815047546438,0.0272183746170222,-0.00806069227122785,0.137096317591304,-0.4950702460917,0.193131468217572,-0.024859108780618,0.111884381058555,-0.374748346449208,-0.095733556332302,0.02734313260628,0.163715853450003
"Glycerolipid metabolism_Homo sapiens_hsa00561",-0.235132999110283,0.112243033669585,0.322378027690928,-0.379039944486953,-0.223232152166489,0.260062686849996,0.270050935251379,-0.239325688468956,-0.30220118078613,-0.0147440324147473,0.38893185093794,-0.300067318440023
"Glycerophospholipid metabolism_Homo sapiens_hsa00564",0.136377578865844,-0.0137326608537711,0.313639969028263,-0.391540898825164,-0.0161838093379294,0.151182061696494,0.137764848281802,-0.15029400445434,-0.353468478446601,0.123971282300621,0.361521140071857,-0.26900962218433
"Ether lipid metabolism_Homo sapiens_hsa00565",-0.132004839671438,-0.134119191888014,0.548331769366012,-0.397439491484541,-0.0899213042698403,-0.0837869809632285,0.561492843713762,-0.409438219876832,-0.403675430775334,0.176318484189664,0.524358746950105,-0.255180092879087
"alpha-Linolenic acid metabolism_Homo sapiens_hsa00592",0.253622861454652,0.0702799912989201,0.45025540167431,-0.547811494564039,0.265167120848304,0.13721479063082,0.327300139853966,-0.426739010818485,-0.311368804893167,-0.0750585058592718,0.614542719829043,-0.435167481443193
"Arachidonic acid metabolism_Homo sapiens_hsa00590",0.192891959688096,0.344325431969679,-0.0747732698903289,-0.301248302032732,0.418228871695378,0.14111776981388,-0.0328420175547712,-0.4375574691023,0.281263750118216,0.355450360473127,-0.11672423222321,-0.447418852333537
"Fat digestion and absorption_Homo sapiens_hsa04975",0.105829660429315,0.263398801549263,-0.0761974960696166,-0.20015968080119,0.0773201904583942,0.177381882213135,-0.305093017577486,-0.0224434961277134,-0.30259353804759,0.188545398244663,-0.024452892729466,-0.0394068113104773
"Vitamin digestion and absorption_Homo sapiens_hsa04977",0.230041178478658,0.181467394738468,-0.0450649354291772,-0.255915106721258,0.58546019685107,0.40756305725872,-0.577813022944262,-0.133823276321312,-0.50102247982015,0.51116191616006,-0.0451587017622141,-0.29077600414533
"Notch signaling pathway_Homo sapiens_hsa04330",0.0332921820284166,-0.35612965902257,0.244665773074666,0.014849048148423,0.483433088696715,-0.00137049540471995,0.21564841891218,-0.387135424344245,0.10892073793347,-0.195431417948835,0.0617126072146473,-0.150276946918507
"Maturity onset diabetes of the young_Homo sapiens_hsa04950",-0.735240084703812,0.61197094125076,-0.274469049656807,-0.0144606660127652,-0.27256835996016,0.656686026141131,-0.446483397956187,-0.4347361494646,-0.214745866439615,0.605826261420885,-0.392059913918356,0.129702160382861
"Basal transcription factors_Homo sapiens_hsa03022",0.0982702204375748,0.107940859667654,-0.372963438587916,0.0871216663876919,0.0954305098811589,-0.00295564181631466,0.0869613472247104,-0.0214744294872635,0.198244417007193,-0.0369338782560415,-0.0885198019119547,0.100762432179192
"Nucleotide excision repair_Homo sapiens_hsa03420",-0.14462309137761,0.243010831332375,-0.374243154638479,0.21410885885994,-0.0949058366108011,0.107635810179062,-0.410171643657961,0.309790168914175,-0.249766923709327,0.420480389108526,-0.405274932943784,0.175659322318043
"Mismatch repair_Homo sapiens_hsa03430",-0.323817464592527,0.43109489134773,-0.61101441900162,0.547023125998112,-0.048844118399402,0.244595476486969,-0.596994565089537,0.455369465196425,-0.239234642904356,0.51202460840312,-0.619374411617691,0.236921246862504
"DNA replication_Homo sapiens_hsa03030",-0.0566356888250371,0.424273521594214,-0.589991604789619,0.271309531588961,0.121425423519651,0.266970193279504,-0.603661107660514,0.392996839579988,-0.0335728898819526,0.500929919762303,-0.659201301705337,0.0763958788267958
"Base excision repair_Homo sapiens_hsa03410",0.244165618230875,0.275731257441574,-0.385823391853645,0.0837719167091211,0.0532066768537763,-0.204882327193535,-0.288460608978768,0.266218155788366,0.329244767502744,-0.0977950525002232,0.00875989726412196,-0.171611887776294
"Homologous recombination_Homo sapiens_hsa03440",-0.0931493698949785,0.343313107209775,-0.329100133991657,0.152787499956955,-0.259290932805002,0.292064740082514,-0.347317501669323,0.159781604930229,-0.139154302041078,0.590610263928461,-0.625331439709811,0.259006761284158
"Fanconi anemia pathway_Homo sapiens_hsa03460",-0.144615106501581,0.207024571064631,-0.347518183827508,0.299953686355859,0.155577556811858,-0.0412222266981473,-0.204793182513747,0.0805204943770396,-0.209175947420377,0.404220558515365,-0.569174271092168,0.278613790941717
"RNA polymerase_Homo sapiens_hsa03020",0.160221351222744,0.0896980605081898,-0.538371087542403,0.260836513665537,-0.337203183047793,0.152457653127389,-0.246398781933405,0.283492100536088,0.240247728507864,0.4516318211314,-0.525866303620619,0.334047959094347
"Pyrimidine metabolism_Homo sapiens_hsa00240",0.175355051788821,0.0461327137190531,-0.308768945261149,0.228602259533398,-0.139421293618175,0.100511172442095,-0.257391638763295,0.277924567792118,0.0973054819602104,0.227613714580184,-0.37847489192143,0.163543913747358
"Purine metabolism_Homo sapiens_hsa00230",0.125080420553054,0.0734652368188657,-0.300273043902017,0.220344127220849,-0.111067391249839,0.0178625278072235,-0.163748369489097,0.272655361596962,0.120372751472523,0.0229331383604854,-0.244183266130045,0.177179621916472
"Nicotinate and nicotinamide metabolism_Homo sapiens_hsa00760",-0.204248067260675,-0.0174206704560148,0.254435830054843,0.0814358001265099,-0.449093289449499,-0.0670546295970195,0.553949365259142,-0.0539399318074661,-0.287644935865262,-0.437772642263755,0.429503273892255,0.177875117487464
"Non-homologous end-joining_Homo sapiens_hsa03450",-0.19158612766184,0.447502090559539,0.044623456687756,-0.522261913007005,-0.0501779383631695,0.444626081787166,-0.559933106606329,0.143439376787382,-0.181702611663447,0.427079629623625,-0.223725266430406,-0.3636661113407
"Primary immunodeficiency_Homo sapiens_hsa05340",0.633526306662843,-0.14323293569073,0.31173209458642,-0.580063078207132,0.343318105617202,-0.103599617575109,0.522126356297713,-0.583029128340639,0.413450520798948,0.109076553720144,0.248873014990677,-0.65419366282453
"ABC transporters_Homo sapiens_hsa02010",0.343633464296089,0.432565551307839,-0.346430260942676,-0.490225970284425,0.248232629066492,0.296053193112703,-0.401222393114882,-0.340329305461149,-0.0225405543021251,0.314973350863839,-0.12253984952612,-0.266210737198141
"Proteasome_Homo sapiens_hsa03050",-0.214725488986579,-0.0378388066445594,-0.0373157483939851,0.232660833141249,0.011338223262,-0.168373614931472,-0.09802570814249,0.347936790956301,-0.271902941615693,-0.0637580108781993,-0.11647817077271,0.420588859931854
"Vitamin B6 metabolism_Homo sapiens_hsa00750",-0.490226482564811,-0.323208531676219,0.056921243537839,0.535462909305161,-0.320466397071001,0.285666739628599,0.0268999652253146,0.28047020974991,-0.417241439828691,-0.307805023482953,0.181999470984504,0.34430884800009
"Nitrogen metabolism_Homo sapiens_hsa00910",-0.116631261007303,0.0190795400975911,0.123388423178424,0.0593716631268159,-0.358212195746032,0.357937751759843,-0.157720078564845,0.318706755476926,-0.286348597968136,0.285528488678086,0.0383991369266853,0.0426520408990547
"Alanine, aspartate and glutamate metabolism_Homo sapiens_hsa00250",-0.0276312630992005,-0.321596068996751,0.191088838275123,0.272153485890698,-0.02512433369799,-0.0956714903038991,0.143397090926367,0.0667614243285491,0.141845264733053,-0.071303978291113,0.0167593379100584,0.161662973108527
"Arginine biosynthesis_Homo sapiens_hsa00220",0.0709539845022895,-0.288442550731599,0.2704194422574,0.131382846072398,-0.11873517786563,-0.0992534765148478,0.0363730711494102,-0.0042687747035694,0.0198361623861398,0.222234532692337,-0.00151480568195164,0.0514028910329027
"Proximal tubule bicarbonate reclamation_Homo sapiens_hsa04964",-0.288615001543023,-0.216587760239569,0.404835761420668,-0.10408584947145,-0.304235205798863,-0.477238661368705,0.48074692165846,0.388255643333752,-0.231624179812914,-0.0532194121520845,0.394834977126366,0.204910772067611
"Mineral absorption_Homo sapiens_hsa04978",-0.0500194841638331,-0.097360018391551,0.0965531780769081,0.0290966779911939,-0.212793413095878,0.064382848054319,0.0994622328461808,-0.126737085719028,0.227071851190685,-0.0155368343428927,0.2641289495675,-0.507633538592711
"Protein digestion and absorption_Homo sapiens_hsa04974",0.227301629512006,-0.0567369996726682,0.112933312444137,-0.194903515087759,0.114064162949202,-0.291037026124937,0.083921708769512,-0.144085170719663,0.40721912866975,-0.355730469745427,0.037280999619083,-0.0584905086244786
"Renin-angiotensin system_Homo sapiens_hsa04614",0.478883679951427,-0.575180826555156,0.519838162522187,-0.352537283739089,0.309523801593881,-0.568001580407346,0.693804126269529,-0.434128298866311,0.264480490189464,-0.680644216105903,0.534563871534443,-0.381666545158415
"Glutathione metabolism_Homo sapiens_hsa00480",-0.0987168067793844,0.025104635815989,-0.0387585331186028,0.0662315812166729,-0.192310271413475,-0.233880207317779,0.125163415550208,0.224335613740098,-0.0220222536282903,0.0167426055074582,0.0527140653460987,0.0897862993803123
"Cyanoamino acid metabolism_Homo sapiens_hsa00460",0.825605354458312,0.642687378490588,-0.84435780730148,-0.373381575529471,0.437634113840943,-0.23669802580439,0.355697757450187,-0.416538493771647,0.722285038454388,-0.0320593809223521,-0.728419450109814,-0.016864382754344
"Taurine and hypotaurine metabolism_Homo sapiens_hsa00430",0.00238881242843042,-0.0134217590399965,0.109431653370071,-0.0639507342492248,-0.014527080372693,-0.00363177009321619,0.460603189641541,-0.527238275698813,0.852834359703142,-0.389509581881982,-0.817306174009272,0.440233696510322
"Chemical carcinogenesis_Homo sapiens_hsa05204",-0.365660680522828,0.107823713897798,0.023500413389821,0.120533473322044,-0.331096207244792,-0.102831217672611,0.0479853989651025,0.346747233406262,-0.418282447352429,0.275858348364099,0.056357430665195,0.082148374660135
"Metabolism of xenobiotics by cytochrome P450_Homo sapiens_hsa00980",-0.297888246247631,0.211972272282426,-0.0774166112096024,0.0873703038077207,-0.250141405926386,0.0824716919575956,0.0675400057115046,0.126474141309876,-0.480547197472725,0.447722526283523,-0.157478355828922,0.148237295105806
"Drug metabolism - cytochrome P450_Homo sapiens_hsa00982",-0.409113777533997,0.175678901072264,-0.0836502954819674,0.327069164628597,-0.564108328381193,-0.0408564010424697,-0.0733222470474943,0.553823419763379,-0.595670639423288,0.400364135246371,-0.110714871946615,0.403115257504895
"Retinol metabolism_Homo sapiens_hsa00830",-0.273321212112567,0.121952164385971,0.331031265464587,0.105300173598818,-0.43980196887401,0.0903354759753237,0.588669232847461,-0.062957856411419,-0.232908244096547,0.411937500001967,0.196555172456173,-0.31284447112655
"Steroid hormone biosynthesis_Homo sapiens_hsa00140",-0.0158209780800436,0.51172406351282,-0.289260137127208,-0.434591824799431,-0.181512842071163,0.677495785542461,-0.315722314907878,-0.38307752369742,-0.235225386107257,0.639570503626178,0.0925588939161832,-0.518628647313014
"Drug metabolism - other enzymes_Homo sapiens_hsa00983",-0.312931604444706,-0.0485347068714781,-0.11103492218085,0.374673338292091,-0.373561292582608,-0.113909521006016,0.0465514235317806,0.276393861787084,-0.121565573055681,-0.048652257449811,0.137121639432863,0.365949750501582
"Porphyrin and chlorophyll metabolism_Homo sapiens_hsa00860",-0.298763528778813,0.107562859645022,-0.438986938713285,0.538625240678767,-0.409691622303018,0.274902549728621,-0.216221729023704,0.370231016630039,-0.372412161578867,0.177043869763336,-0.273626200369325,0.499145045374273
"Ascorbate and aldarate metabolism_Homo sapiens_hsa00053",-0.0821807193637444,-0.411433031570418,0.633821659128579,-0.486093601866774,-0.302794534659531,-0.0962237320271587,0.710511079979583,-0.516638206415193,0.148919188740604,-0.220481277583279,0.394122643189811,-0.397777601176359
"Pentose and glucuronate interconversions_Homo sapiens_hsa00040",0.181225190162055,-0.194478390717539,0.380838346640553,-0.191184619824929,-0.0216993970312249,-0.495902106793767,0.417380683362728,-0.111524248984478,0.111121950140418,-0.274293242819585,0.341953439036193,-0.227502013374432
"Starch and sucrose metabolism_Homo sapiens_hsa00500",0.0931075935459313,-0.406629545444273,0.423544617331966,-0.185868476125435,0.406753255618835,-0.419652095479671,0.405031087708894,-0.230544964181109,0.314554294338533,-0.644511707089395,0.409926901490909,-0.0567378542689101
"Galactose metabolism_Homo sapiens_hsa00052",0.296472053981205,-0.534286305041459,0.462489569964119,-0.269702234421659,0.410013409929373,-0.405751370835593,0.462159492145386,-0.213309899222158,0.327275615938618,-0.537847310438765,0.435646218895247,-0.311949798191442
"Butirosin and neomycin biosynthesis_Homo sapiens_hsa00524",0.132680461222565,-0.517096012484757,0.264255251934931,-0.241020725897527,0.720581266782502,-0.485918539093758,0.659962226063205,-0.627231085136611,0.294635502640654,-0.536256576686942,0.465119903197422,-0.168253200735815
"Amino sugar and nucleotide sugar metabolism_Homo sapiens_hsa00520",0.274900151698484,-0.365089249509312,0.309438995198272,-0.213487289100159,0.329063252849853,-0.409933104653744,0.33314132420034,-0.196144415505733,0.204021001701052,-0.356526061553118,0.275846031392444,-0.169335936168336
"Fructose and mannose metabolism_Homo sapiens_hsa00051",0.269659152491659,-0.418628557145182,0.172191209639066,0.0099362324291612,0.416655143850386,-0.496318959414231,0.406302251709511,-0.141036017401826,0.306151981538728,-0.284078103139864,0.181603571527498,-0.105719083026891
"Pentose phosphate pathway_Homo sapiens_hsa00030",0.221196804124576,-0.428497060556565,0.430780089002133,-0.075433139304807,0.198132895609172,-0.545949248799426,0.436973911354534,-0.0460880262586339,0.135258813436815,-0.459267917986887,0.454271828367361,-0.0960526000280895
"Carbon metabolism_Homo sapiens_hsa01200",-0.287381205653499,0.0505766733008194,0.293867250375237,-0.0668343732949388,-0.139468686680459,-0.130135048246794,0.226557151890831,-0.117224728020916,-0.365355453754685,0.204066540307861,0.271886721062038,-0.0922754834967431
"Biosynthesis of amino acids_Homo sapiens_hsa01230",0.174325924081063,-0.204783667509837,0.24089556604258,-0.093861226317231,0.120450959645155,-0.387744756927406,0.216492235481694,-0.0412229079719505,0.0495242884280768,-0.108425966858805,0.185045674454786,-0.0207689457430081
"2-Oxocarboxylic acid metabolism_Homo sapiens_hsa01210",-0.209643665805186,0.279940332880745,0.0950085896702511,-0.142644454054595,-0.179620302008076,-0.00729015108681669,-0.179003160422454,0.16249367947014,-0.187737111179881,0.24142556444655,0.0892329155716995,-0.0642198666803596
"Citrate cycle (TCA cycle)_Homo sapiens_hsa00020",-0.653052560984572,0.544967351161556,0.176219847635523,-0.00186745831053237,-0.436771373090669,0.364380761326196,-0.0423954251636148,-0.0333961069055262,-0.666318293860205,0.432036280859349,0.3564615121493,-0.033159992564155
"Pyruvate metabolism_Homo sapiens_hsa00620",-0.336395637824458,-0.0170140477484521,0.262833428041966,0.0840536076791438,-0.116265067858424,-0.0392556001876023,0.103010277382213,-0.160912830335971,-0.34035355861104,0.0712823797895226,0.162935665249665,-0.192408589127534
"Glycolysis / Gluconeogenesis_Homo sapiens_hsa00010",-0.0311728505532611,-0.402027938855914,0.406534924356687,-0.0197183256603581,-0.115044168378648,-0.288813903213183,0.426651789212776,-0.0272430946500895,-0.150970737233822,-0.208636338392209,0.390381458978798,-0.118950034103977
"Glycine, serine and threonine metabolism_Homo sapiens_hsa00260",-0.0312122998003626,-0.126836561910534,-0.00604102991606179,-0.0506948479083522,-0.228012996053329,0.156620066770598,-0.0885723684045714,0.0169566454695457,-0.00340639427742978,-0.0693429973071008,0.121515907434178,-0.0584281609238895
"Glyoxylate and dicarboxylate metabolism_Homo sapiens_hsa00630",-0.238961229674725,0.445889860271477,-0.273839204547293,0.160941485184474,-0.0492437912381588,0.256436593402317,-0.277076965986412,0.0180249742829326,-0.361063426944346,0.376012407725037,-0.328716091958209,-0.0662643305021856
"Pantothenate and CoA biosynthesis_Homo sapiens_hsa00770",-0.404027002943912,-0.429626591890058,0.420491832890951,0.302382350498311,-0.233991357006204,-0.0725837296475256,0.168608900250216,0.265398257283561,-0.244351681657194,-0.206764829693581,0.298939560212201,0.214279078147969
"Cysteine and methionine metabolism_Homo sapiens_hsa00270",0.12613741793302,-0.069115492692397,-0.167261127739821,-0.0280919407264578,0.281209612684613,-0.174432930098127,-0.0821125460989769,0.11314413058442,0.183035895965964,0.00994062113375127,-0.197451812871164,0.0530044962488208
"Phenylalanine, tyrosine and tryptophan biosynthesis_Homo sapiens_hsa00400",-0.518311379033624,0.155970918439536,0.363293021633638,0.17670570609184,-0.468888186986848,-0.207672679727808,0.64000299376775,0.137871130764347,-0.0260962617630127,-0.139625402481312,-0.00758054327223956,0.484509187043832
"Phenylalanine metabolism_Homo sapiens_hsa00360",-0.420068806209036,0.0666877370417117,0.256320895310883,0.25952477996675,-0.463049819488147,-0.337463880579028,0.0943166287109134,0.642231904490354,-0.278586314085846,-0.22664666341034,-0.00758533501896239,0.444990390058644
"Tyrosine metabolism_Homo sapiens_hsa00350",-0.222522533075363,-0.0134089333751462,0.228728840349143,0.142814812006935,-0.362384955667485,-0.299701984047237,0.195721965434771,0.473248215166234,-0.302877792260743,-0.130688305384537,0.222374360928498,0.23473671385907
"Ubiquinone and other terpenoid-quinone biosynthesis_Homo sapiens_hsa00130",-0.525376365539795,-0.032002015744119,0.212999529435019,0.109524181359072,-0.350174305206179,0.026066350710901,0.331495064631015,-0.151342812006283,-0.273747369985475,0.486312143529957,-0.356703536780663,0.60231609825522
"Terpenoid backbone biosynthesis_Homo sapiens_hsa00900",-0.385400523828829,0.0371986970174493,0.373116074188366,-0.133077735677426,0.127895992299464,0.115743345888487,0.109713463893256,-0.426714216905869,-0.194447635407334,-0.15561616587807,0.530135590038532,-0.484478913197543
"Synthesis and degradation of ketone bodies_Homo sapiens_hsa00072",-0.388546512209801,0.49372668278288,-0.0574432702264711,-0.340383976071438,-0.149921249367079,0.479156608144272,-0.277149075868444,-0.283679022065441,-0.138448434717971,0.501356958479738,-0.342857210599217,-0.452530115437135
"Butanoate metabolism_Homo sapiens_hsa00650",-0.0630178398298356,0.398224630902688,-0.194740092138106,-0.450084509813771,-0.201309821557931,0.507537790602057,-0.0759719955187031,-0.449472517806952,0.133213077302956,0.582013936848752,-0.439488401255325,-0.543464735348831
"Valine, leucine and isoleucine degradation_Homo sapiens_hsa00280",-0.412556080037421,0.442478210084912,0.146255951691838,-0.226302229936276,-0.484967328942783,0.495376148352855,-0.00395057097982293,-0.291785757236899,-0.416508383356563,0.496034373963329,-0.0156272460366182,-0.274498871891679
"Propanoate metabolism_Homo sapiens_hsa00640",-0.427596118035642,0.41955840215968,-0.0629746894766659,0.171640732492,-0.391439894476593,0.354399343316167,-0.165423830404177,0.0622108351860256,-0.58602029976568,0.555380290364442,-0.0155853432349425,-0.0374082976505365
"beta-Alanine metabolism_Homo sapiens_hsa00410",-0.143209392203292,0.0516548425353285,0.16619561551665,-0.241015953169326,-0.422144182950204,0.255210880644324,0.352625048880762,-0.305664069367434,-0.340359302604025,0.223703805826696,0.263365093896539,-0.185263766976587
"Histidine metabolism_Homo sapiens_hsa00340",-0.164741376202348,-0.299894446034624,0.458977613920618,-0.336928879588698,-0.281905652031198,-0.0962845849802504,0.144232673931023,-0.052468755107422,-0.202848811415124,-0.169419375848842,0.273049475539956,-0.0383144768592901
"Arginine and proline metabolism_Homo sapiens_hsa00330",-0.0576442865748518,0.088096689484162,0.0197270710102245,-0.198702963687291,-0.232194163919236,-0.0578755134339613,0.139047049441992,-0.0435218222615274,0.0930476579601525,0.125416537471661,-0.114815771234505,-0.0983480373133062
"Tryptophan metabolism_Homo sapiens_hsa00380",-0.238296836982962,0.0986648486114909,0.316858322933453,-0.221471718757562,-0.231044978218194,-0.0145028133624942,0.137518230523244,-0.160440805677677,-0.270824978723885,0.226071954819709,0.241937237246814,-0.147044422338134
"Lysine degradation_Homo sapiens_hsa00310",-0.106325695281542,0.231423498601136,-0.0590451246217768,-0.170455330727888,-0.265671244114526,0.0952433244272506,0.0784805910726123,-0.00243372384119125,-0.00318179750963121,0.468174096011487,-0.0775116913103368,-0.370429530863122
"Fatty acid elongation_Homo sapiens_hsa00062",-0.162685611170698,0.356893756305145,-0.0554134619236076,-0.328455867397053,-0.0374702066151582,0.347702185831199,0.187357300038628,-0.568018364438039,-0.273473845560172,0.445656213285733,0.250405017198988,-0.452329702692633
"Biosynthesis of unsaturated fatty acids_Homo sapiens_hsa01040",-0.0791223237315677,-0.146259449756118,0.500203765620344,-0.301405360761411,0.09877406030994,-0.170718230451055,0.542524896479785,-0.592204094036278,-0.258981460727491,-0.00754259336409285,0.474040965693585,-0.212557330381113
"Fatty acid metabolism_Homo sapiens_hsa01212",-0.357442776594992,0.305612063351048,0.303525631659492,-0.315514627625496,-0.216569635911112,0.27565029021356,0.42252429807156,-0.485888106252935,-0.314854499632272,0.38878661381495,0.332285164409285,-0.426942547397406
"Fatty acid degradation_Homo sapiens_hsa00071",-0.400762558377277,0.309916892493505,0.298983824729696,-0.349875055899692,-0.489382783839605,0.442973914141116,0.287230278992774,-0.354081740328136,-0.419226304622339,0.536943655387894,0.266893639675133,-0.411138680046309
"Fatty acid biosynthesis_Homo sapiens_hsa00061",-0.567204714794129,0.0259165613147945,0.497801802541307,-0.209229945795276,-0.352836629521196,-0.0244540201882345,0.566682623224296,-0.63574845756831,-0.173832010712134,0.179649753868452,0.50040376463048,-0.405678971492899
"PPAR signaling pathway_Homo sapiens_hsa03320",-0.285987417858513,0.106426674272939,0.434186861566647,-0.440937488651158,-0.111630114105091,0.252692820742367,0.346978024953108,-0.35175416703513,-0.0109403795049121,0.0141406202611046,0.463986994979109,-0.378632786313109
"Primary bile acid biosynthesis_Homo sapiens_hsa00120",0.3498104864182,0.438996492747172,0.0585910876428258,-0.64087176247645,0.343967150979153,0.104871779893863,0.376117643503584,-0.588755527479594,0.249478424637863,0.0801190859381563,-0.368414714233058,0.0577058283420409
"Peroxisome_Homo sapiens_hsa04146",-0.324464923831781,0.207930203676809,0.172542237743935,-0.221430581681926,-0.228529089389634,0.304010077771141,0.151563121829909,-0.229912794513634,-0.236007987745245,0.251675245314518,0.219990345892791,-0.260704677359472
"Spliceosome_Homo sapiens_hsa03040",0.0448293106116357,-0.285427067101301,-0.165273708151332,0.416326967588056,0.226522185363543,-0.214833433814012,-0.321276826846184,0.392076299633726,0.121663777347394,-0.287835965145368,-0.224924259736106,0.416837025533519
"RNA degradation_Homo sapiens_hsa03018",0.0155885048938994,0.0564876375408303,-0.286300032744912,0.326502983701187,-0.13434993883176,0.0050786886328246,-0.122256973857805,0.09658643280671,0.0222577312536932,-0.141962866235886,0.131079412990769,0.158726452454194
"mRNA surveillance pathway_Homo sapiens_hsa03015",-0.0949762282850564,-0.0367502147512943,-0.188239974242236,0.285288895189637,0.137253970313783,-0.112635451599587,0.0392193888391724,0.0634533402622226,0.0803261042379536,-0.238629683964648,-0.162445922990047,0.331829318358196
"RNA transport_Homo sapiens_hsa03013",0.11775609160457,-0.0342649383153876,-0.295403387760717,0.32162128367349,0.0261739387524303,-0.188087608400435,-0.223434658209135,0.390213969005915,-0.0251031487895841,0.0404598660865533,-0.377285866306705,0.354667960339377
"Ribosome biogenesis in eukaryotes_Homo sapiens_hsa03008",-0.22259225714756,0.345826453174187,-0.433911470846817,0.383695200639615,-0.22233197279215,0.446310908032965,-0.409669892837665,0.125771283890079,-0.407236849615842,0.521901609266073,-0.605013880969913,0.436175681041833
"Ribosome_Homo sapiens_hsa03010",-0.216290567674189,-0.219008627702384,-0.405007308411922,0.63857228400062,-0.104702262540019,-0.297252354201882,-0.463612599401075,0.634349099920641,-0.26953763995323,-0.0391286939861729,-0.468939186849728,0.623400120091057
"Folate biosynthesis_Homo sapiens_hsa00790",0.442916858543341,0.18312408963552,-0.0680179773036338,-0.44038389676567,0.233497851527988,-0.10515743177082,-0.127753189843994,0.0599106019481175,-0.185155836833985,0.468621455281424,-0.648582502677037,0.295989045703226
"One carbon pool by folate_Homo sapiens_hsa00670",0.212856074599043,0.480509560711148,-0.660248958961703,-0.211895878955499,0.445742555170563,0.333622328713775,-0.392547839412335,-0.233792461050144,0.225117877863553,0.405493612612104,-0.646905610368739,0.14585276231876
"Sulfur relay system_Homo sapiens_hsa04122",-0.261466011465982,0.704181771768189,-0.454876765788503,-0.345757374018664,-0.311669719861749,0.42867796330541,-0.601977289483027,0.482408777592945,-0.36047056563828,0.430446041024899,-0.567284909314582,0.33338636333249
"Sulfur metabolism_Homo sapiens_hsa00920",-0.225030600226724,-0.193192487772733,0.00816733421815208,0.158721002643096,-0.173980879114808,-0.19368143546518,0.369660965059338,0.146987054682532,-0.31534297259183,-0.115159258029882,0.291014669687013,0.0277317955960356
"Selenocompound metabolism_Homo sapiens_hsa00450",0.43278571959409,-0.13389083504179,0.0790863165375678,-0.289212907995721,0.266833475177586,-0.19832523918401,0.0156789745725551,0.0782881120247529,0.0543909823679417,-0.12164413410894,-0.00256254446181495,0.00900142432169446
"Aminoacyl-tRNA biosynthesis_Homo sapiens_hsa00970",-0.171236331606857,-0.110659098044275,-0.133678838008304,0.350026409537299,0.132751772644489,0.068047054532147,-0.081641447748058,0.0489019522431794,-0.384832214066735,0.244911337212936,-0.33963585641345,0.327028090905063
